Workbook

Sheet Data Final
A1: Provinsi | B1: Persentase Internet | C1: PDRB | D1: Persentase Penduduk Miskin | E1: Persentase Penduduk Perkotaan | F1: RLS | G1: Kepadatan Penduduk
A2: Aceh | B2: =VLOOKUP(A2, 'Persentase Internet'!A2:B2, 2, FALSE) -> 88.95 | C2: =VLOOKUP(A2, PDRB!A2:B2, 2, FALSE) -> 43782 | D2: =VLOOKUP(A2, 'Persentase Penduduk Miskin'!A2:B2, 2, FALSE) -> 12.64 | E2: =VLOOKUP(A2, 'Persentase Penduduk Perkotaan'!A2:B2, 2, FALSE) -> 36.2 | F2: =VLOOKUP(A2, RLS!A2:B2, 2, FALSE) -> 9.64 | G2: =VLOOKUP(A2, 'Kepadatan Penduduk'!A2:B2, 2, FALSE) -> 98
A3: Sumatera Utara | B3: =VLOOKUP(A3, 'Persentase Internet'!A3:B3, 2, FALSE) -> 92.3 | C3: =VLOOKUP(A3, PDRB!A3:B3, 2, FALSE) -> 73575 | D3: =VLOOKUP(A3, 'Persentase Penduduk Miskin'!A3:B3, 2, FALSE) -> 7.19 | E3: =VLOOKUP(A3, 'Persentase Penduduk Perkotaan'!A3:B3, 2, FALSE) -> 60.1 | F3: =VLOOKUP(A3, RLS!A3:B3, 2, FALSE) -> 9.93 | G3: =VLOOKUP(A3, 'Kepadatan Penduduk'!A3:B3, 2, FALSE) -> 215
A4: Sumatera Barat | B4: =VLOOKUP(A4, 'Persentase Internet'!A4:B4, 2, FALSE) -> 91.89 | C4: =VLOOKUP(A4, PDRB!A4:B4, 2, FALSE) -> 57047 | D4: =VLOOKUP(A4, 'Persentase Penduduk Miskin'!A4:B4, 2, FALSE) -> 5.42 | E4: =VLOOKUP(A4, 'Persentase Penduduk Perkotaan'!A4:B4, 2, FALSE) -> 54.6 | F4: =VLOOKUP(A4, RLS!A4:B4, 2, FALSE) -> 9.44 | G4: =VLOOKUP(A4, 'Kepadatan Penduduk'!A4:B4, 2, FALSE) -> 139
A5: Riau | B5: =VLOOKUP(A5, 'Persentase Internet'!A5:B5, 2, FALSE) -> 94.16 | C5: =VLOOKUP(A5, PDRB!A5:B5, 2, FALSE) -> 165350 | D5: =VLOOKUP(A5, 'Persentase Penduduk Miskin'!A5:B5, 2, FALSE) -> 6.36 | E5: =VLOOKUP(A5, 'Persentase Penduduk Perkotaan'!A5:B5, 2, FALSE) -> 40.7 | F5: =VLOOKUP(A5, RLS!A5:B5, 2, FALSE) -> 9.43 | G5: =VLOOKUP(A5, 'Kepadatan Penduduk'!A5:B5, 2, FALSE) -> 75
A6: Jambi | B6: =VLOOKUP(A6, 'Persentase Internet'!A6:B6, 2, FALSE) -> 90.59 | C6: =VLOOKUP(A6, PDRB!A6:B6, 2, FALSE) -> 86722 | D6: =VLOOKUP(A6, 'Persentase Penduduk Miskin'!A6:B6, 2, FALSE) -> 7.26 | E6: =VLOOKUP(A6, 'Persentase Penduduk Perkotaan'!A6:B6, 2, FALSE) -> 34.8 | F6: =VLOOKUP(A6, RLS!A6:B6, 2, FALSE) -> 8.9 | G6: =VLOOKUP(A6, 'Kepadatan Penduduk'!A6:B6, 2, FALSE) -> 76
A7: Sumatera Selatan | B7: =VLOOKUP(A7, 'Persentase Internet'!A7:B7, 2, FALSE) -> 90.94 | C7: =VLOOKUP(A7, PDRB!A7:B7, 2, FALSE) -> 75132 | D7: =VLOOKUP(A7, 'Persentase Penduduk Miskin'!A7:B7, 2, FALSE) -> 10.51 | E7: =VLOOKUP(A7, 'Persentase Penduduk Perkotaan'!A7:B7, 2, FALSE) -> 38.2 | F7: =VLOOKUP(A7, RLS!A7:B7, 2, FALSE) -> 8.57 | G7: =VLOOKUP(A7, 'Kepadatan Penduduk'!A7:B7, 2, FALSE) -> 102
A8: Bengkulu | B8: =VLOOKUP(A8, 'Persentase Internet'!A8:B8, 2, FALSE) -> 90.62 | C8: =VLOOKUP(A8, PDRB!A8:B8, 2, FALSE) -> 49233 | D8: =VLOOKUP(A8, 'Persentase Penduduk Miskin'!A8:B8, 2, FALSE) -> 12.52 | E8: =VLOOKUP(A8, 'Persentase Penduduk Perkotaan'!A8:B8, 2, FALSE) -> 33.5 | F8: =VLOOKUP(A8, RLS!A8:B8, 2, FALSE) -> 9.04 | G8: =VLOOKUP(A8, 'Kepadatan Penduduk'!A8:B8, 2, FALSE) -> 105
A9: Lampung | B9: =VLOOKUP(A9, 'Persentase Internet'!A9:B9, 2, FALSE) -> 91.57 | C9: =VLOOKUP(A9, PDRB!A9:B9, 2, FALSE) -> 51370 | D9: =VLOOKUP(A9, 'Persentase Penduduk Miskin'!A9:B9, 2, FALSE) -> 10.62 | E9: =VLOOKUP(A9, 'Persentase Penduduk Perkotaan'!A9:B9, 2, FALSE) -> 34.6 | F9: =VLOOKUP(A9, RLS!A9:B9, 2, FALSE) -> 8.36 | G9: =VLOOKUP(A9, 'Kepadatan Penduduk'!A9:B9, 2, FALSE) -> 281
A10: Kep. Bangka Belitung | B10: =VLOOKUP(A10, 'Persentase Internet'!A10:B10, 2, FALSE) -> 92.14 | C10: =VLOOKUP(A10, PDRB!A10:B10, 2, FALSE) -> 70194 | D10: =VLOOKUP(A10, 'Persentase Penduduk Miskin'!A10:B10, 2, FALSE) -> 5.08 | E10: =VLOOKUP(A10, 'Persentase Penduduk Perkotaan'!A10:B10, 2, FALSE) -> 59.7 | F10: =VLOOKUP(A10, RLS!A10:B10, 2, FALSE) -> 8.33 | G10: =VLOOKUP(A10, 'Kepadatan Penduduk'!A10:B10, 2, FALSE) -> 92
A11: Kep. Riau | B11: =VLOOKUP(A11, 'Persentase Internet'!A11:B11, 2, FALSE) -> 97.57 | C11: =VLOOKUP(A11, PDRB!A11:B11, 2, FALSE) -> 161424 | D11: =VLOOKUP(A11, 'Persentase Penduduk Miskin'!A11:B11, 2, FALSE) -> 4.78 | E11: =VLOOKUP(A11, 'Persentase Penduduk Perkotaan'!A11:B11, 2, FALSE) -> 83.8 | F11: =VLOOKUP(A11, RLS!A11:B11, 2, FALSE) -> 10.5 | G11: =VLOOKUP(A11, 'Kepadatan Penduduk'!A11:B11, 2, FALSE) -> 264
A12: Dki Jakarta | B12: =VLOOKUP(A12, 'Persentase Internet'!A12:B12, 2, FALSE) -> 98.18 | C12: =VLOOKUP(A12, PDRB!A12:B12, 2, FALSE) -> 344350 | D12: =VLOOKUP(A12, 'Persentase Penduduk Miskin'!A12:B12, 2, FALSE) -> 4.14 | E12: =VLOOKUP(A12, 'Persentase Penduduk Perkotaan'!A12:B12, 2, FALSE) -> 100 | F12: =VLOOKUP(A12, RLS!A12:B12, 2, FALSE) -> 11.49 | G12: =VLOOKUP(A12, 'Kepadatan Penduduk'!A12:B12, 2, FALSE) -> 16165
A13: Jawa Barat | B13: =VLOOKUP(A13, 'Persentase Internet'!A13:B13, 2, FALSE) -> 90.58 | C13: =VLOOKUP(A13, PDRB!A13:B13, 2, FALSE) -> 56080 | D13: =VLOOKUP(A13, 'Persentase Penduduk Miskin'!A13:B13, 2, FALSE) -> 7.08 | E13: =VLOOKUP(A13, 'Persentase Penduduk Perkotaan'!A13:B13, 2, FALSE) -> 83.1 | F13: =VLOOKUP(A13, RLS!A13:B13, 2, FALSE) -> 8.87 | G13: =VLOOKUP(A13, 'Kepadatan Penduduk'!A13:B13, 2, FALSE) -> 1359
... A24: Kalimantan Timur | B24: =VLOOKUP(A24, 'Persentase Internet'!A24:B24, 2, FALSE) -> 95.45 | C24: =VLOOKUP(A24, PDRB!A24:B24, 2, FALSE) -> 212175 | D24: =VLOOKUP(A24, 'Persentase Penduduk Miskin'!A24:B24, 2, FALSE) -> 5.51 | E24: =VLOOKUP(A24, 'Persentase Penduduk Perkotaan'!A24:B24, 2, FALSE) -> 71.8 | F24: =VLOOKUP(A24, RLS!A24:B24, 2, FALSE) -> 10.02 | G24: =VLOOKUP(A24, 'Kepadatan Penduduk'!A24:B24, 2, FALSE) -> 32
A25: Sulawesi Utara | B25: =VLOOKUP(A25, 'Persentase Internet'!A26:B26, 2, FALSE) -> 89.31 | C25: =VLOOKUP(A25, PDRB!A26:B26, 2, FALSE) -> 69352 | D25: =VLOOKUP(A25, 'Persentase Penduduk Miskin'!A26:B26, 2, FALSE) -> 6.7 | E25: =VLOOKUP(A25, 'Persentase Penduduk Perkotaan'!A26:B26, 2, FALSE) -> 59.2 | F25: =VLOOKUP(A25, RLS!A26:B26, 2, FALSE) -> 9.84 | G25: =VLOOKUP(A25, 'Kepadatan Penduduk'!A26:B26, 2, FALSE) -> 186
A26: Sulawesi Tengah | B26: =VLOOKUP(A26, 'Persentase Internet'!A27:B27, 2, FALSE) -> 87.94 | C26: =VLOOKUP(A26, PDRB!A27:B27, 2, FALSE) -> 120750 | D26: =VLOOKUP(A26, 'Persentase Penduduk Miskin'!A27:B27, 2, FALSE) -> 11.04 | E26: =VLOOKUP(A26, 'Persentase Penduduk Perkotaan'!A27:B27, 2, FALSE) -> 34.2 | F26: =VLOOKUP(A26, RLS!A27:B27, 2, FALSE) -> 9.04 | G26: =VLOOKUP(A26, 'Kepadatan Penduduk'!A27:B27, 2, FALSE) -> 51
A27: Sulawesi Selatan | B27: =VLOOKUP(A27, 'Persentase Internet'!A28:B28, 2, FALSE) -> 92.18 | C27: =VLOOKUP(A27, PDRB!A28:B28, 2, FALSE) -> 73573 | D27: =VLOOKUP(A27, 'Persentase Penduduk Miskin'!A28:B28, 2, FALSE) -> 7.77 | E27: =VLOOKUP(A27, 'Persentase Penduduk Perkotaan'!A28:B28, 2, FALSE) -> 49.8 | F27: =VLOOKUP(A27, RLS!A28:B28, 2, FALSE) -> 8.86 | G27: =VLOOKUP(A27, 'Kepadatan Penduduk'!A28:B28, 2, FALSE) -> 209
A28: Sulawesi Tenggara | B28: =VLOOKUP(A28, 'Persentase Internet'!A29:B29, 2, FALSE) -> 91.7 | C28: =VLOOKUP(A28, PDRB!A29:B29, 2, FALSE) -> 67840 | D28: =VLOOKUP(A28, 'Persentase Penduduk Miskin'!A29:B29, 2, FALSE) -> 10.63 | E28: =VLOOKUP(A28, 'Persentase Penduduk Perkotaan'!A29:B29, 2, FALSE) -> 39.4 | F28: =VLOOKUP(A28, RLS!A29:B29, 2, FALSE) -> 9.42 | G28: =VLOOKUP(A28, 'Kepadatan Penduduk'!A29:B29, 2, FALSE) -> 77
A29: Gorontalo | B29: =VLOOKUP(A29, 'Persentase Internet'!A30:B30, 2, FALSE) -> 90.17 | C29: =VLOOKUP(A29, PDRB!A30:B30, 2, FALSE) -> 44433 | D29: =VLOOKUP(A29, 'Persentase Penduduk Miskin'!A30:B30, 2, FALSE) -> 13.87 | E29: =VLOOKUP(A29, 'Persentase Penduduk Perkotaan'!A30:B30, 2, FALSE) -> 48.9 | F29: =VLOOKUP(A29, RLS!A30:B30, 2, FALSE) -> 8.29 | G29: =VLOOKUP(A29, 'Kepadatan Penduduk'!A30:B30, 2, FALSE) -> 102
A30: Sulawesi Barat | B30: =VLOOKUP(A30, 'Persentase Internet'!A31:B31, 2, FALSE) -> 89.67 | C30: =VLOOKUP(A30, PDRB!A31:B31, 2, FALSE) -> 42718 | D30: =VLOOKUP(A30, 'Persentase Penduduk Miskin'!A31:B31, 2, FALSE) -> 10.71 | E30: =VLOOKUP(A30, 'Persentase Penduduk Perkotaan'!A31:B31, 2, FALSE) -> 23 | F30: =VLOOKUP(A30, RLS!A31:B31, 2, FALSE) -> 8.15 | G30: =VLOOKUP(A30, 'Kepadatan Penduduk'!A31:B31, 2, FALSE) -> 91
A31: Maluku | B31: =VLOOKUP(A31, 'Persentase Internet'!A32:B32, 2, FALSE) -> 87.27 | C31: =VLOOKUP(A31, PDRB!A32:B32, 2, FALSE) -> 32198 | D31: =VLOOKUP(A31, 'Persentase Penduduk Miskin'!A32:B32, 2, FALSE) -> 15.78 | E31: =VLOOKUP(A31, 'Persentase Penduduk Perkotaan'!A32:B32, 2, FALSE) -> 39.9 | F31: =VLOOKUP(A31, RLS!A32:B32, 2, FALSE) -> 10.26 | G31: =VLOOKUP(A31, 'Kepadatan Penduduk'!A32:B32, 2, FALSE) -> 42
A32: Maluku Utara | B32: =VLOOKUP(A32, 'Persentase Internet'!A33:B33, 2, FALSE) -> 87.28 | C32: =VLOOKUP(A32, PDRB!A33:B33, 2, FALSE) -> 70660 | D32: =VLOOKUP(A32, 'Persentase Penduduk Miskin'!A33:B33, 2, FALSE) -> 6.03 | E32: =VLOOKUP(A32, 'Persentase Penduduk Perkotaan'!A33:B33, 2, FALSE) -> 29.2 | F32: =VLOOKUP(A32, RLS!A33:B33, 2, FALSE) -> 9.37 | G32: =VLOOKUP(A32, 'Kepadatan Penduduk'!A33:B33, 2, FALSE) -> 41
A33: Papua Barat | B33: =VLOOKUP(A33, 'Persentase Internet'!A34:B34, 2, FALSE) -> 85.51 | C33: =VLOOKUP(A33, PDRB!A34:B34, 2, FALSE) -> 131636 | D33: =VLOOKUP(A33, 'Persentase Penduduk Miskin'!A34:B34, 2, FALSE) -> 21.09 | E33: =VLOOKUP(A33, 'Persentase Penduduk Perkotaan'!A34:B34, 2, FALSE) -> 37.8 | F33: =VLOOKUP(A33, RLS!A34:B34, 2, FALSE) -> 7.86 | G33: =VLOOKUP(A33, 'Kepadatan Penduduk'!A34:B34, 2, FALSE) -> 10
A34: Papua | B34: =VLOOKUP(A34, 'Persentase Internet'!A36:B36, 2, FALSE) -> 81.99 | C34: =VLOOKUP(A34, PDRB!A36:B36, 2, FALSE) -> 81009 | D34: =VLOOKUP(A34, 'Persentase Penduduk Miskin'!A36:B36, 2, FALSE) -> 18.09 | E34: =VLOOKUP(A34, 'Persentase Penduduk Perkotaan'!A36:B36, 2, FALSE) -> 34.2 | F34: =VLOOKUP(A34, RLS!A36:B36, 2, FALSE) -> 9.82 | G34: =VLOOKUP(A34, 'Kepadatan Penduduk'!A36:B36, 2, FALSE) -> 13

Sheet Persentase Internet
A1: Provinsi | B1: Persentase_Internet
A2: Aceh | B2: 88.95
A3: Sumatera Utara | B3: 92.3
A4: Sumatera Barat | B4: 91.89
A5: Riau | B5: 94.16
A6: Jambi | B6: 90.59
A7: Sumatera Selatan | B7: 90.94
A8: Bengkulu | B8: 90.62
A9: Lampung | B9: 91.57
A10: Kep. Bangka Belitung | B10: 92.14
A11: Kep. Riau | B11: 97.57
A12: Dki Jakarta | B12: 98.18
A13: Jawa Barat | B13: 90.58
... A40: Indonesia | B40: 89.76

Sheet PDRB
A1: Provinsi | B1: PDRB
A2: Aceh | B2: 43782
A3: Sumatera Utara | B3: 73575
A4: Sumatera Barat | B4: 57047
A5: Riau | B5: 165350
A6: Jambi | B6: 86722
A7: Sumatera Selatan | B7: 75132
A8: Bengkulu | B8: 49233
A9: Lampung | B9: 51370
A10: Kep. Bangka Belitung | B10: 70194
A11: Kep. Riau | B11: 161424
A12: DKI Jakarta | B12: 344350
A13: Jawa Barat | B13: 56080
... A39: Papua Pegunungan | B39: 18105

Sheet Persentase Penduduk Miskin
A1: Provinsi | B1: Persentase_kemiskinan
A2: Aceh | B2: 12.64
A3: Sumatera Utara | B3: 7.19
A4: Sumatera Barat | B4: 5.42
A5: Riau | B5: 6.36
A6: Jambi | B6: 7.26
A7: Sumatera Selatan | B7: 10.51
A8: Bengkulu | B8: 12.52
A9: Lampung | B9: 10.62
A10: Kep. Bangka Belitung | B10: 5.08
A11: Kep. Riau | B11: 4.78
A12: Dki Jakarta | B12: 4.14
A13: Jawa Barat | B13: 7.08
... A39: Papua Pegunungan | B39: 29.66
B40: 8.57

Sheet Persentase Penduduk Perkotaan
A1: Provinsi | B1: Persentase
A2: Aceh | B2: 36.2
A3: Sumatera Utara | B3: 60.1
A4: Sumatera Barat | B4: 54.6
A5: Riau | B5: 40.7
A6: Jambi | B6: 34.8
A7: Sumatera Selatan | B7: 38.2
A8: Bengkulu | B8: 33.5
A9: Lampung | B9: 34.6
A10: Kep. Bangka Belitung | B10: 59.7
A11: Kep. Riau | B11: 83.8
A12: DKI Jakarta | B12: 100
A13: Jawa Barat | B13: 83.1
... A36: Papua | B36: 34.2

Sheet RLS
A1: Provinsi | B1: RLS(Tahun)
A2: Aceh | B2: 9.64
A3: Sumatera Utara | B3: 9.93
A4: Sumatera Barat | B4: 9.44
A5: Riau | B5: 9.43
A6: Jambi | B6: 8.9
A7: Sumatera Selatan | B7: 8.57
A8: Bengkulu | B8: 9.04
A9: Lampung | B9: 8.36
A10: Kep. Bangka Belitung | B10: 8.33
A11: Kep. Riau | B11: 10.5
A12: Dki Jakarta | B12: 11.49
A13: Jawa Barat | B13: 8.87
... A39: Papua Pegunungan | B39: 4.21

Sheet Kepadatan Penduduk
A1: Provinsi | B1: Kepadatan_Penduduk
A2: Aceh | B2: 98
A3: Sumatera Utara | B3: 215
A4: Sumatera Barat | B4: 139
A5: Riau | B5: 75
A6: Jambi | B6: 76
A7: Sumatera Selatan | B7: 102
A8: Bengkulu | B8: 105
A9: Lampung | B9: 281
A10: Kep. Bangka Belitung | B10: 92
A11: Kep. Riau | B11: 264
A12: DKI Jakarta | B12: 16165
A13: Jawa Barat | B13: 1359
... A39: Papua Pegunungan | B39: 29
